{
    "click_prob": [
        [
            0.8,
            0.8133333333333334,
            0.8400000000000001,
            0.8933333333333333,
            1.0
        ],
        [
            0.26,
            0.30906666666666666,
            0.4072,
            0.6034666666666666,
            0.996
        ],
        [
            0.12,
            0.178,
            0.29400000000000004,
            0.526,
            0.99
        ],
        [
            0.08,
            0.14033333333333334,
            0.261,
            0.5023333333333333,
            0.985
        ],
        [
            0.06,
            0.12133333333333332,
            0.244,
            0.4893333333333333,
            0.98
        ],
        [
            0.05,
            0.11166666666666666,
            0.23500000000000001,
            0.4816666666666667,
            0.975
        ],
        [
            0.045,
            0.10666666666666666,
            0.23,
            0.4766666666666667,
            0.97
        ],
        [
            0.04,
            0.10166666666666666,
            0.225,
            0.4716666666666666,
            0.965
        ],
        [
            0.035,
            0.09666666666666668,
            0.22,
            0.4666666666666667,
            0.96
        ],
        [
            0.03,
            0.09166666666666666,
            0.215,
            0.46166666666666667,
            0.955
        ]
    ],
    "eta": 1.0,
    "exam_prob": [
        1.0,
        0.68,
        0.64,
        0.62,
        0.61,
        0.605,
        0.6,
        0.595,
        0.59,
        0.585
    ],
    "model_name": "position_biased_model",
    "unbiased_watchtime_mean": [
        [
            0.8,
            1.8,
            2.8,
            3.8,
            4.8
        ],
        [
            0.26,
            1.256,
            2.252,
            3.248,
            4.244
        ],
        [
            0.12,
            1.1099999999999999,
            2.1,
            3.09,
            4.08
        ],
        [
            0.08,
            1.065,
            2.05,
            3.035,
            4.02
        ],
        [
            0.06,
            1.04,
            2.02,
            3.0,
            3.98
        ],
        [
            0.05,
            1.025,
            2.0,
            2.9749999999999996,
            3.9499999999999997
        ],
        [
            0.045,
            1.015,
            1.9849999999999999,
            2.955,
            3.925
        ],
        [
            0.04,
            1.005,
            1.97,
            2.935,
            3.9
        ],
        [
            0.035,
            0.995,
            1.9549999999999998,
            2.915,
            3.875
        ],
        [
            0.03,
            0.985,
            1.94,
            2.8949999999999996,
            3.8499999999999996
        ]
    ],
    "unbiased_watchtime_std": [
        0.040824829046386304,
        0.4490731195102494,
        0.6181750982360122,
        0.7479316102329339,
        0.8573214099741124
    ],
    "watchtime_bias_mean": [
        1.414213562373095,
        1.1547005383792517,
        1.0,
        0.8944271909999159,
        0.8164965809277261,
        0.7559289460184544,
        0.7071067811865475,
        0.6666666666666666,
        0.6324555320336759,
        0.6030226891555273
    ],
    "watchtime_bias_std": [
        0.282842712474619,
        0.23094010767585033,
        0.2,
        0.17888543819998318,
        0.16329931618554522,
        0.15118578920369088,
        0.1414213562373095,
        0.13333333333333333,
        0.12649110640673517,
        0.12060453783110546
    ]
}