{
	"click_prob": [
	    0.8,0.26,0.12,0.08,0.06,0.05,0.045,0.04,0.035,0.03,
	    0.8133333333333334,0.30906,0.178,0.14,0.12,0.11,0.10,0.10,0.096,0.091,
	    0.8400000000000001,0.407,0.294,0.261,0.244,0.235,0.23,0.225,0.22,0.215,
	    0.8933333333333333,0.603,0.526,0.502,0.489,0.481,0.476,0.471,0.466,0.461,
	    1.0,0.996,0.99,0.985,0.98,0.975,0.97,0.965,0.96,0.955 
	], 
	"eta": 1.0, 
	"exam_prob": [
	    1.0, 
	    0.92, 
	    0.67, 
	    0.51, 
	    0.42, 
	    0.3, 
	    0.21, 
	    0.16, 
	    0.12, 
	    0.09
	], 
	"model_name": "noisy_position_biased_model"
}