{
    "click_prob": [
        0.1,
        0.16,
        0.28,
        0.52,
        1.0
    ],
    "eta": 1.0,
    "exam_prob": [
        0.68,
        0.61,
        0.48,
        0.34,
        0.28,
        0.2,
        0.11,
        0.1,
        0.08,
        0.06
    ],
    "model_name": "position_biased_model",
    "unbiased_watchtime_mean": [
        0.80943809,
        1.82523316,
        2.78019793,
        4.03966641,
        4.62429015
    ],
    "unbiased_watchtime_std": [
        0.6078665,
        0.6194569,
        0.62937372,
        0.7163962,
        0.3134798
    ]
}