{
    "click_prob": [
        0.1,
        0.16,
        0.28,
        0.52,
        1.0
    ],
    "eta": 1.0,
    "exam_prob": [
        0.68,
        0.61,
        0.48,
        0.34,
        0.28,
        0.2,
        0.11,
        0.1,
        0.08,
        0.06
    ],
    "model_name": "position_biased_model",
    "unbiased_watchtime_mean": [
        0.1,
        1.0,
        1.9000000000000001,
        2.8000000000000003,
        3.7
    ],
    "unbiased_watchtime_std": [
        0.040824829046386304,
        0.4490731195102494,
        0.6181750982360122,
        0.7479316102329339,
        0.8573214099741124
    ],
    "watchtime_bias_mean": [
        1.414213562373095,
        1.1547005383792517,
        1.0,
        0.8944271909999159,
        0.8164965809277261,
        0.7559289460184544,
        0.7071067811865475,
        0.6666666666666666,
        0.6324555320336759,
        0.6030226891555273
    ],
    "watchtime_bias_std": [
        0.282842712474619,
        0.23094010767585033,
        0.2,
        0.17888543819998318,
        0.16329931618554522,
        0.15118578920369088,
        0.1414213562373095,
        0.13333333333333333,
        0.12649110640673517,
        0.12060453783110546
    ]
}