{
    "click_prob": [
        0.1,
        0.16,
        0.28,
        0.52,
        1.0
    ],
    "eta": 1.0,
    "exam_prob": [
        0.68,
        0.61,
        0.48,
        0.34,
        0.28,
        0.2,
        0.11,
        0.1,
        0.08,
        0.06
    ],
    "model_name": "position_biased_model",
    "unbiased_watchtime_mean": [
        0.1,
        1.0,
        1.9000000000000001,
        2.8000000000000003,
        3.7
    ],
    "unbiased_watchtime_std": [
        0.025,
        0.275,
        0.3785533905932738,
        0.4580127018922193,
        0.525
    ],
    "watchtime_bias_mean": [
        1.0,
        1.4142135623730951,
        1.7320508075688772,
        2.0,
        2.23606797749979,
        2.449489742783178,
        2.6457513110645907,
        2.8284271247461903,
        3.0,
        3.1622776601683795,
        3.3166247903554
    ],
    "watchtime_bias_std": [
        0.09090909090909091,
        0.11453827726317029,
        0.13111359730067348,
        0.14430918654256358,
        0.15545235878879063,
        0.16519278116655814,
        0.1739028347974899,
        0.18181818181818182,
        0.18909852936835492,
        0.19585769909380762,
        0.2021800082335741
    ]
}